Frame,root_translateX,root_translateY,root_translateZ,root_rotateX,root_rotateY,root_rotateZ,right_wheel_dof,left_wheel_dof,torso_0_dof,torso_1_dof,torso_2_dof,torso_3_dof,torso_4_dof,torso_5_dof,right_arm_0_dof,right_arm_1_dof,right_arm_2_dof,right_arm_3_dof,right_arm_4_dof,right_arm_5_dof,right_arm_6_dof,left_arm_0_dof,left_arm_1_dof,left_arm_2_dof,left_arm_3_dof,left_arm_4_dof,left_arm_5_dof,left_arm_6_dof,head_0_dof,head_1_dof
0,3.177005425095558,4.73380871117115,0.0,0.0,0.0,32.96896453872012,-0.0,-0.0,11.863167739192972,-45.27460559272486,27.54706304536833,56.02152576114641,-15.301066618290728,26.456848740618405,-99.61828855406846,-62.48709894269636,0.7788221385076358,-12.510099351714485,44.60346778978482,105.16540619792681,-1.4883822101282285,-102.73591474034244,29.491684496415367,-10.389644925769224,-26.83635454147182,-12.43338095940961,101.7971462200592,23.347374385118833,0.0,0.0
1,2.364252880215645,4.504511505365372,0.0,0.0,0.0,34.07656509000232,1.6866302650568468,7.556912759965645,12.294073274871675,-51.27427449551533,36.78212937874401,51.464403056346384,-16.503618751867144,26.265705896695597,-100.77837569402762,-63.73341722092693,-1.511364516024852,-12.045974337233778,47.25685284836221,105.29481096194186,0.45127998997285124,-107.14921415178951,27.38721612822252,-10.775594156330902,-23.38681360493378,-14.083277186449658,101.0099737484044,23.449303005650226,0.0,0.0
2,1.556430384516716,4.420919716358185,0.0,0.0,0.0,34.09267409115979,5.746018302017817,11.701679015325421,13.465281670346904,-54.05288424233572,40.72058037871344,48.65934340196512,-18.796322010943666,26.44606216437166,-99.69156282348436,-62.84109398699979,-3.8685312072096583,-12.909593701173945,49.62366024483878,105.0704050967611,1.7051711337239637,-108.89049574860339,24.878356164935315,-11.215793018149055,-22.678907186144272,-15.924732898951884,100.31415505689853,25.721698404777005,0.0,0.0
3,0.8846824057400227,4.565495997667313,0.0,0.0,0.0,30.74697764321533,17.335131104066374,5.55860089940043,17.11920150364559,-55.68824326550104,45.34923223959642,44.5650479757035,-23.284411993802365,28.144887305304742,-97.76361215665403,-50.76997430833661,-45.11449571329601,-26.945331917226667,93.16190880714134,102.66617167872744,10.518668052964411,-107.04685693688769,23.397914369882344,-2.846763081906077,-23.819217513361654,-23.841367816840005,99.2509336597485,26.400211104473364,0.0,0.0
4,-0.3718084888532758,4.692114889621735,0.0,0.0,0.0,33.541344636450944,15.746362508777,18.779977368259825,20.000007955922303,-56.2170433412326,59.28205316523539,34.53552648147049,-25.03006320413776,24.638092308049067,-98.09203497270492,-15.986925186439436,-66.04786780232077,-86.82434703101576,123.46625604119399,87.22417947483913,33.48276210393975,-83.22038405508019,17.284179600405373,23.87269447946827,-72.92212535285844,-45.61910325898738,103.65803125942918,0.6333248084777895,0.0,0.0
5,-1.3737736269831657,5.269185826182365,0.0,0.0,0.0,34.44855085257955,16.300282312728573,24.142090800711912,19.046235217579845,-57.44116008956605,73.27874318980315,31.364846800818437,-26.59079387288423,11.940383881533613,-92.89025852347159,-11.153773192938047,-44.54464961574726,-118.31917574683412,110.4643557484819,97.43146688750548,61.899026485347434,-95.54341818580636,6.875726468096049,52.869297836537136,-126.0276862629755,-75.58145267601374,100.53143703477498,-51.09541916190937,0.0,0.0
6,-1.5002132393419743,6.199789047241211,0.0,0.0,0.0,36.92792318167252,7.311238539483103,28.293718834866613,19.52343492167925,-57.91956702960125,73.41553821850016,34.727133778256864,-26.884022431689342,10.007892846452517,-97.03153199084456,-10.1773916746692,-40.32854801092222,-124.80041055215092,112.7557476112378,99.00062088704587,66.2236768715569,-103.11462823925214,6.615428812600509,56.42390245043561,-129.38663669300436,-78.69030206920425,99.95409480461214,-56.30542257399799,0.0,0.0
7,-1.6037661582231522,7.069029659032822,0.0,0.0,0.0,39.37354754607645,-1.6876375045160121,32.256650940368665,20.000007955922303,-58.36652777869771,73.23669654527255,37.17541167115335,-27.303546310889864,9.189135872528286,-100.59986870006934,-8.902767384970808,-37.27466798017197,-128.63661362024527,115.37197644073031,100.66371047824144,68.6799016895527,-107.23905162994268,5.853474253135043,59.14989583498481,-130.64466191547234,-80.64720590792626,100.45015778365183,-57.06113177924112,0.0,0.0
8,-1.653372310101986,7.859693467617035,0.0,0.0,0.0,41.08265553680499,-8.870883208151541,34.13167788641515,20.000007955922303,-58.732045352130946,73.11001702673633,38.861327754555106,-27.42465751770524,8.602348344516967,-102.86665822143483,-7.578187091682943,-34.21202823181118,-130.91903061443173,117.38415017021606,101.94772457050131,68.60946877883153,-110.58792753094578,5.438708027578257,61.62392695614683,-131.71015776561597,-83.07686812023988,101.33970113058677,-56.848921216823406,0.0,0.0
9,-1.7627010121941566,8.656313270330429,0.0,0.0,0.0,42.91356970609695,-16.250056516666884,36.45634984590191,20.000007955922303,-59.026610920466084,73.04930347520408,40.443343000302626,-27.525467694760042,8.148023797721583,-105.4489819918874,-6.493060424091031,-31.61597578112688,-132.87878947222683,119.22383430240231,103.39873678796799,67.98686971522818,-113.64388393920372,4.582941246749489,64.65487804185335,-133.1042403563506,-84.47608701323036,102.03150367086069,-57.05342732585734,0.0,0.0
10,-1.6777755692601204,9.160090237855911,0.0,0.0,0.0,43.696169366102424,-20.64566573816361,36.20851984696259,20.000007955922303,-59.29498271333423,73.33623972223631,40.52130960967832,-28.267627512237166,8.464021645898576,-106.21305476376921,-5.988163022246756,-31.569503174014116,-133.6329243188663,118.93457579105227,104.52914675598345,67.55627409938307,-114.01677811694056,4.21371488059694,65.49083172456038,-133.6305064319001,-84.77436137428481,103.14157333552784,-56.60070872729056,0.0,0.0
11,-1.667434349656105,9.742148220539093,0.0,0.0,0.0,44.77817719856458,-25.85972115997733,36.7291066202172,20.000007955922303,-59.85277694209249,74.08616717234703,40.77941904331852,-29.29671333146277,8.535380047252284,-107.5630962947356,-5.160492224568835,-31.19925569458065,-135.5457324563067,118.82123563196508,106.50252501098352,66.2031999644252,-115.19918631510733,3.384289578075972,67.11304263357343,-135.06234630836653,-85.48018629292476,105.40399153582453,-55.292539671030944,0.0,0.0
12,-1.8610158935189247,10.266062617301941,0.0,0.0,0.0,45.877130730357536,-30.099001011750804,38.314277413361275,20.000007955922303,-60.00013827343551,74.6456894389653,40.959978509122394,-30.000014495204397,8.898454974283592,-109.05308840179553,-4.6406093876855525,-31.191155090225013,-137.45187432911717,118.69475418891479,108.28066230855879,64.82663680891166,-116.15690178014817,2.892137736109764,68.76145414824265,-136.13751370637493,-86.12118588615212,107.18630890917184,-54.25499978516016,0.0,0.0
13,-2.325223386287689,10.59517040848732,0.0,0.0,0.0,46.73366035793923,-31.87072476169543,41.08216376318475,20.000007955922303,-60.00013827343551,75.02359697555295,41.071976536037674,-30.000014495204397,9.27964356299377,-110.44978012479311,-4.1273646409018765,-31.397532671091536,-139.1374967143846,118.53994112118728,109.95671559879905,63.73408657946559,-116.98678342468305,2.426907511643985,70.15788632405176,-136.93081285771524,-86.47613715693934,108.69234513059214,-53.516775864192255,0.0,0.0
14,-2.995450422167778,10.719393193721771,0.0,0.0,0.0,47.373211951062544,-31.451829259898552,44.89068065947844,20.000007955922303,-60.00013827343551,75.28481073017092,41.18228067603879,-30.000014495204397,9.529904255503977,-111.42295913811486,-3.751086531318112,-31.716857675167972,-140.3673405763371,118.50714255279287,111.26113829629892,62.944004447224366,-117.63168988611567,2.0388819035746217,71.2914381790854,-137.46720127361468,-86.680933549013,109.94289129591894,-53.05739441609012,0.0,0.0
15,-3.7538673728704453,10.642650723457336,0.0,0.0,0.0,47.82881288945907,-29.39285165912528,49.36434528281008,19.980874888509806,-60.00013827343551,75.56732101462099,41.41575020224817,-30.000014495204397,9.698650055364666,-111.94481974164968,-3.3971493301792246,-32.009814733953576,-141.0374914169421,118.51520217601349,112.12889333978153,62.5586793251981,-118.0181146685983,1.692995361033064,72.04226721416657,-137.71363449886874,-86.78027865049084,110.77384528015352,-52.875666987938175,0.0,0.0
16,-4.510001093149185,10.525969415903091,0.0,0.0,0.0,48.32371132124527,-27.300353197452882,54.07980543294933,19.922106233343722,-60.00013827343551,75.95880013708944,41.75704450978996,-30.000014495204397,9.889486394548468,-112.42615683283883,-2.829473738682659,-32.37245679774623,-141.59928813655395,118.48618753241928,113.09718876784673,62.326842214200354,-118.50206089205038,1.1594709288299736,72.83402957294362,-137.84047111175587,-86.81643767195689,111.74663497269259,-52.827903475072276,0.0,0.0
17,-5.1823340356349945,10.377141833305359,0.0,0.0,0.0,48.61265905898808,-24.867757418890747,58.04382183098212,19.759540900908252,-60.00013827343551,76.22652989217559,42.03150541630316,-30.000014495204397,9.973889603443254,-112.62175979028964,-2.432913382358542,-32.62964757094306,-141.83875456885463,118.50579017533721,113.66173805369414,62.26905198363288,-118.77795955338388,0.7738572313112713,73.30374851235457,-137.83148258280812,-86.82806948411341,112.34296512874806,-52.876961308785894,0.0,0.0
18,-5.995352938771248,9.978102892637253,0.0,0.0,0.0,49.01214657825837,-21.131281942867762,63.89758081762819,19.53950123415441,-60.00013827343551,76.82746359573166,42.633689044477336,-30.000014495204397,10.088886083404175,-112.89318467771679,-1.4723208068515319,-33.152621495312594,-142.09735919120965,118.52453221441972,114.7593221325585,62.332900591994154,-119.38382465352069,-0.2601566761222024,74.0575896608597,-137.59291773547793,-86.73481008118605,113.48751358834545,-53.20699604948091,0.0,0.0
19,-6.716019660234451,9.511059522628784,0.0,0.0,0.0,49.39005752994059,-17.404515580749948,69.62727624819014,19.23576613685853,-60.00013827343551,77.35606559597728,43.2112532557882,-30.000014495204397,10.160597947047432,-113.03732215977156,-0.2777660777412589,-33.52355199366306,-142.033455941335,118.40903371555481,115.00007264042311,62.65485521890105,-120.0703679481337,-1.5371030166949873,74.55921241388378,-137.12399792819988,-86.45673258950733,114.51427543570595,-53.79556711063925,0.0,0.0
20,-7.289236783981323,9.01537537574768,0.0,0.0,0.0,49.78453852054926,-14.156069073755422,74.96647610352413,18.985005986765266,-60.00013827343551,77.72368686767489,43.66839098674798,-30.000014495204397,10.2728614975667,-113.13832699721772,1.1817991373918626,-33.67841628780935,-141.6752398401245,118.07330259709201,115.00007264042311,63.24999009185177,-120.88156219509943,-2.8647890183427984,74.75323759763633,-136.49631720385403,-85.96394127108009,115.00007264042311,-54.574495543965845,0.0,0.0
21,-3.005893714725971,11.389053612947464,0.0,0.0,0.0,75.11686320866947,-107.5178394612951,115.86603134415401,13.082204534331215,-51.339052009603726,18.479974969345353,70.69370100406091,-18.493128206139506,0.9508750305870801,-110.82938837848407,-13.003606132457293,-60.74779810074179,-19.583291284470658,53.14394315815794,95.13621596786855,-29.00753678238277,-112.57650295684914,12.764727096425267,61.28743085649698,-29.942200358974823,-49.117522736773324,93.57565434630403,12.502552846455266,0.0,0.0
22,-3.155975788831711,10.842527449131012,0.0,0.0,0.0,77.47865383120067,-110.52940647013712,125.37194712151926,11.199497894336696,-51.29062255329375,18.22694890399494,71.12275299715361,-16.994417362604043,0.419465875953431,-110.25733271473882,-12.857160900236696,-50.672794376825664,-19.367834674649895,44.19998460985008,95.69953581966534,-26.47896318560361,-110.66512232894526,14.153620450937973,39.27357748228956,-27.511588750366574,-29.880612543228818,94.44297225767976,16.01400859404583,0.0,0.0
23,-3.262092173099518,10.048837214708328,0.0,0.0,0.0,77.17343316776031,-105.14940306470147,129.13427486355073,11.550433013891952,-51.907112012684514,20.203363178081094,70.2371848203156,-17.471429236501272,0.7342306081809729,-109.64228784035751,-12.028753722788883,-29.613166240993213,-20.753222434571093,27.884998607385757,95.78995386389798,-24.5423074426761,-107.97120692783302,15.803508994015205,16.8741872501916,-31.03225073918467,-9.834245532088698,95.55093139389338,17.262237617696705,0.0,0.0
24,-3.3472586423158646,9.535913914442062,0.0,0.0,0.0,77.30856846048901,-102.53368649939671,132.46621872560138,11.82321710896392,-52.24791113151147,21.367302544732137,69.4307443850122,-17.39984202381037,1.1233694303633424,-111.46575027326499,-9.865664402270756,-25.401572561020387,-21.051983446603913,25.433119497249383,94.13201423533658,-18.02199712511766,-108.97817488697883,14.636270645995046,14.192795854696227,-30.336695009961833,-6.780546074464629,95.04228037621336,13.069797495703886,0.0,0.0
25,-3.65859754383564,7.879139482975006,0.0,0.0,0.0,74.64154351413912,-85.81346537347554,135.05119943964107,14.279866252461904,-54.82337739203735,32.67798140460466,59.86551524489456,-20.672921608046547,1.945955472369306,-105.15708702751773,-13.952606276117205,18.760422536666077,-35.184828169634,-15.685425268549439,98.32084630990035,-21.863358693582654,-105.20485054038363,18.49685578187904,-8.08946687841977,-34.269647707649405,17.310967602330162,95.78400476913089,15.118611774992177,0.0,0.0
26,-3.7824317812919617,7.307678461074829,0.0,0.0,0.0,74.54131731825835,-82.20264488761327,138.1308224533731,14.712324802403138,-55.05694937108428,34.399684264162694,58.31638736000065,-20.610244377127923,2.077328824969212,-106.0504757709554,-12.58838954130211,23.27172662496636,-39.719192684119534,-17.50739872021785,97.22796823137412,-19.743438729939946,-105.32784175676805,17.689508638963318,-10.114277311643697,-35.14268248736044,19.472579040666627,95.59941207662213,11.229496938945038,0.0,0.0
27,-3.9331424981355667,6.658732146024704,0.0,0.0,0.0,74.39458436431896,-77.9999680196019,141.55582081267602,15.108096698764943,-55.44137632323469,37.13497353617228,55.94040018927958,-21.089440204012263,2.544799564926167,-105.86940062586919,-13.00127447662938,26.646705801429956,-43.89037213477339,-20.271477239579045,98.1807318092667,-21.963771012118304,-105.5885364170091,17.250252343250626,-12.636901813655772,-35.04289342358655,20.49006719868155,95.97738791510146,11.126805044773898,0.0,0.0
28,-4.12050299346447,5.955502018332481,0.0,0.0,0.0,74.39903081746864,-73.84228160765339,145.73707137726106,15.38788515283076,-55.946076076479855,40.49539928706188,52.480048770832695,-21.814444293841607,3.2425947424231185,-104.77620152845198,-14.232910409465358,30.61701621878291,-47.27695409508956,-23.76525731137126,98.88383148242782,-24.03359324574626,-105.44573082184247,16.678673085199986,-16.252199488518976,-35.31703331120877,21.13230476369597,96.240432160417,11.135950668072544,0.0,0.0
29,-4.312286898493767,5.520780012011528,0.0,0.0,0.0,74.46338485982851,-71.3182944829019,148.6021308284063,15.557190174429744,-56.292762818371365,43.30033599803809,49.33809686582972,-22.20559044458802,4.254748522696261,-103.64541590003218,-15.622001839463994,32.824253320775064,-49.54858963567117,-27.390807100178655,98.72742015043453,-26.129207981227477,-105.22133861704005,16.502392732911126,-18.495972979928816,-35.89656803209518,22.286919214582653,96.4289795324552,12.11232535615222,0.0,0.0
30,-4.494260251522064,5.197480320930481,0.0,0.0,0.0,74.66659664801472,-69.7928536940496,151.20459682672123,15.733323677651446,-56.66809195854732,45.88887524063537,46.12650776714387,-22.663896137895875,5.715903144193585,-102.09930012856223,-17.561353799566366,35.02311319575019,-51.41252435450556,-31.306014966402532,98.75062230304506,-27.140958780339588,-104.57770257079306,16.437032945195984,-21.368303167445543,-37.60998928728458,23.196497213900546,96.48686538567105,12.823709195002913,0.0,0.0
31,-4.691848531365395,4.701583832502365,0.0,0.0,0.0,74.5958563787809,-66.56588300935287,154.05663793730844,15.72828470559127,-57.02383894637285,50.18619120978644,40.73480083256541,-23.13197070926414,7.701146718442451,-99.99493250565965,-20.24234648276894,39.64807675448136,-54.041908128339514,-36.80280777645623,98.90559246512348,-29.80830474558048,-102.52711585741515,17.103922370472272,-25.468602329987597,-41.02808232533659,25.916430513108654,97.36485205253035,15.10592640615617,0.0,0.0
32,-5.059141293168068,2.9318688437342644,0.0,0.0,0.0,65.71542200484875,-32.698280726817934,140.8579394040408,13.766766220311267,-55.519131196746116,76.39179314933322,8.88866816697661,-24.66117151725454,20.210259961595515,-108.76860419267534,-42.911978272020335,79.58923692624798,-101.60225360228206,-73.20091318421086,93.07089653645092,-72.08982582135737,-102.41264188692574,48.034575753300295,-69.44175464995426,-101.3557315845688,69.18176349919773,94.11419427179203,62.27954998438719,0.0,0.0
33,-5.158887803554535,3.192805126309395,0.0,0.0,0.0,66.40431488453623,-35.65156573147224,141.55579349191933,13.704048862031271,-54.97612091244635,75.85537058248794,9.173679154436547,-24.639434440220978,20.699680581667362,-108.25668834457205,-43.911402287227865,80.71360900703714,-102.25055466773216,-74.25412152403766,93.42900335463469,-72.14957631621664,-104.18910578815435,49.584919411866466,-71.35867456127501,-103.312683234615,68.64704164945576,94.97194308814056,64.42228277985774,0.0,0.0
34,-5.279424041509628,3.3693313598632812,0.0,0.0,0.0,69.08351122798709,-43.40185309967199,148.0052405968389,12.178889818482226,-54.404662890253476,76.83152755828782,8.481529128288612,-22.707983301441015,18.88728134766802,-110.17089667079232,-45.46235383263017,83.71185031680845,-108.22884849351507,-76.24005366673222,92.4655778514477,-75.9768250063091,-110.4445891810239,54.91638066287083,-78.56128662597189,-112.93549086943584,71.82573655709882,93.04556336481934,71.9646626048169,0.0,0.0
35,-5.463097989559174,3.454022854566574,0.0,0.0,0.0,69.54279363834625,-44.696515456847905,149.14477569758546,12.245414153450858,-54.22721799071113,76.4319068503287,8.723205980559404,-22.754391021756668,19.433510358614154,-108.84137302809265,-46.33323710275265,84.80204413099088,-108.27607242143655,-77.0235856475594,92.78562685557617,-75.05901833658864,-110.70443006761869,55.91420982890716,-79.13300078025863,-113.63449242909495,71.31202436924383,94.01376317023616,71.9750240017878,0.0,0.0
36,-5.708693340420723,3.392884135246277,0.0,0.0,0.0,69.64402387203502,-44.14475570022135,150.23305705880028,12.169520506488261,-54.203428441831974,76.4991432325183,8.695640190842878,-22.46814974647248,20.238704284394032,-109.418373748797,-46.74707143437455,88.68271856077116,-108.29862570607592,-79.07010839838115,92.77267681690982,-74.77699982575881,-110.89397464727571,58.388992270877885,-80.15625874057493,-115.66236876348256,71.37962958164862,93.86985108442398,72.77201828546907,0.0,0.0
37,-6.005631014704704,3.222828730940819,0.0,0.0,0.0,69.78347584431917,-43.00899769408578,152.10791666521212,12.228502605065906,-54.19787891313134,76.27198480110202,8.889916384047428,-22.351414983367793,20.835285449901505,-108.33454567092103,-46.87241223583345,91.58794635442526,-107.98815945735299,-79.5260235254795,93.85486564938499,-74.19062125532405,-111.08221466080127,59.54142276877746,-81.63754235644309,-116.3332572645179,70.82385708888468,94.85043402280604,73.01225652914593,0.0,0.0
38,-6.325555592775345,3.0176403000950813,0.0,0.0,0.0,69.58536620744295,-40.74735130516531,153.31957856359404,12.300243497013135,-54.2241273301117,76.26227227210227,8.719043834033927,-22.130151005205228,21.510854338065588,-106.96712813870613,-46.88613067078143,94.77616937596049,-107.38005405516843,-80.5265028049138,94.70372155943417,-73.6661241987696,-111.04672499787388,60.89919607388429,-83.42293331491692,-116.79271042960632,71.20752247494264,95.34698877546597,73.34275572270451,0.0,0.0
39,-6.67116716504097,2.766142226755619,0.0,0.0,0.0,69.0648306606071,-37.32674134240415,153.98135559227657,12.259590211073219,-54.318202940644866,76.33202899409561,8.79039455142482,-21.97409484304878,21.801434491020025,-104.51965962322629,-47.94169884096646,96.74546317783691,-107.59942607093089,-81.6274063557148,94.54782249162862,-72.66444963623054,-110.46637065428706,62.967828147049374,-84.54567298049444,-117.76740574492382,71.97735309629478,95.27594797790867,72.23369009584535,0.0,0.0
40,-7.087573409080505,2.5581127032637596,0.0,0.0,0.0,68.28913973694709,-33.305436732707875,153.89149762355586,12.591762800978449,-54.35312569787114,76.462451456297,8.421784609844863,-21.972503408972166,22.699899772558304,-102.02838227440999,-48.43903223519177,98.00352255125073,-107.56274112489875,-82.44158539534783,95.34110798259059,-72.13392835282815,-110.50700344965946,64.80853680761113,-86.70305653173467,-118.61635727762138,72.22126598174509,95.53102822265197,72.06152151743684,0.0,0.0
41,-7.47491717338562,2.403697744011879,0.0,0.0,0.0,67.21604188625722,-28.81878108957488,152.6907367070893,12.85716687665222,-54.00132997448047,76.55865467075664,7.796222951689028,-22.20940852033406,24.12796767705562,-97.10094720337939,-49.2079305357222,100.32862139756062,-106.92187130526563,-83.94392648442715,97.39453605466322,-72.13579982466072,-110.77133177053896,65.96712813614205,-91.61515099788942,-118.63356935432981,73.24084247009876,96.86435628071932,70.27558414382942,0.0,0.0
42,-7.878012955188751,2.2636225447058678,0.0,0.0,0.0,66.86494967235106,-26.254039933593216,153.39468332370748,12.936420122912816,-53.65463981749438,76.49906810043744,7.4578972151152625,-22.45044589614381,25.362435577076212,-89.71855772953862,-52.33364025087889,102.00295348013003,-106.09852615176644,-86.1932785328416,98.9494354494058,-71.68979530204807,-109.77858426524512,67.27573773960313,-95.79244005275586,-118.28404125374358,74.12483970342765,98.18390784723077,69.06765152873432,0.0,0.0
43,-8.214854449033737,2.168850414454937,0.0,0.0,0.0,67.68826750509356,-27.178214047167423,156.8340933821591,12.499516827369195,-53.14777147918773,76.18713336104297,7.855490210664521,-22.252104032835806,27.09466888078712,-78.4616546565489,-58.79133139412666,103.30550470579732,-104.18143548571643,-90.713415763286,100.30595199970534,-73.98807882567648,-106.45008964872534,69.20621557642637,-99.52686647202785,-116.760075785752,76.2447255161245,100.43981687724843,68.34530438249212,0.0,0.0
44,-8.577083051204681,2.0078305155038834,0.0,0.0,0.0,66.90946201517202,-23.472952535651395,156.41168716312885,11.614222711871639,-53.00626703505799,76.49553006244737,7.227373207985455,-20.9465748446904,29.597183598335384,-71.0125137439496,-63.5989034754127,102.18949277655226,-105.26524990321406,-91.13569220872203,101.03560061817029,-74.62334106000102,-102.96336003970387,69.28828029930408,-101.00477597444603,-116.06203045257669,76.56184436909903,101.08095307425918,67.42006646695468,0.0,0.0
45,-8.9205801486969,1.9519463181495667,0.0,0.0,0.0,65.59288158094954,-18.917615925319335,153.98914200793038,11.23872367074008,-52.73273161917732,75.98331368602061,8.678855854731218,-20.290687146619707,31.08919744138965,-64.85934658484685,-69.89461668249362,101.47135985702795,-105.8917899859685,-94.0713348347502,100.23851754202981,-74.25705850538075,-97.35634846701367,72.03340845881307,-102.29781957678865,-115.39534934807008,75.8740989611921,102.2351047798296,65.94806507816854,0.0,0.0
46,-9.144113957881927,2.023739740252495,0.0,0.0,0.0,64.24167891782426,-15.182282798435036,150.56310545987364,10.917534025020231,-52.530680963150004,75.9147795678887,9.214843850790567,-19.678659508304253,32.591760511617,-60.644853489571354,-74.25521435430485,100.52844541191851,-107.55139618068736,-95.26965054349391,100.33173596382214,-75.54821697551246,-92.12753129885627,74.90345394805243,-102.49872276103541,-114.68361631579808,75.27248906890821,102.70842322893314,64.35952017157449,0.0,0.0
47,-9.272175282239914,2.1714435890316963,0.0,0.0,0.0,62.32777795011665,-10.553771810203692,145.0479462711418,10.504822405743148,-51.99762567956553,76.00482878190616,10.220334781528363,-18.813322351787825,34.6523705276019,-54.604309319692945,-83.33008372333977,98.07520538659001,-110.64788293148015,-98.75821747340211,99.23225309236851,-78.81384653091145,-81.48044117534363,80.55143982557352,-102.24973504503177,-111.59481352782156,74.39504881718253,103.39651697648773,60.810902218483534,0.0,0.0
48,-9.415003657341003,2.2689905017614365,0.0,0.0,0.0,61.414001092006494,-8.247187045412767,142.51150088134418,10.411692776410025,-51.84038106449349,75.87082730057966,10.966258887011808,-18.80364397373392,35.03684187598192,-51.92040356080936,-87.90743744846137,96.80564397461389,-112.1381004347827,-100.39288664746127,97.90658850654991,-80.46311181922691,-75.86338922457352,84.58053426601819,-102.23783002530843,-109.42538152288542,75.40597828604695,103.465105736133,59.03294250582669,0.0,0.0
49,-9.478121995925903,2.7332115918397903,0.0,0.0,0.0,60.161651756738806,-7.090986283091348,137.03026041203063,10.627379051341626,-52.077620855124714,76.59357742798291,11.781902148448161,-19.678451187534566,35.36973846593917,-47.58580841916836,-97.00618515883464,92.53758170567798,-116.70439608363804,-102.23037828892394,94.35819594970157,-83.62065363101044,-66.83426846259935,94.04559868195759,-98.24108336077295,-108.1975935478731,77.19132826338574,102.33873240991703,57.574396589705486,0.0,0.0
50,-9.455300122499466,3.1144529581069946,0.0,0.0,0.0,60.53684770822594,-10.045094325540637,136.06469022944427,10.604618299706205,-51.709374621118066,75.75226204677742,11.66494711174274,-20.098246566754597,35.47834871902613,-46.349236820883405,-101.37725351064351,92.08365416362811,-116.01654139270441,-104.40720738873121,90.76450557827769,-83.42356169232056,-64.81191775125028,98.96416133725634,-98.7381981889448,-105.25818748761226,80.77966376650032,101.42104185341246,56.95047929959233,0.0,0.0
51,-9.347836673259735,3.4493912011384964,0.0,0.0,0.0,61.34449708701244,-14.15908289472669,136.23123756216583,10.419414305266724,-52.35230032769137,76.37368631784352,12.295832902356599,-20.576349563371735,34.891526186295316,-44.54969029535473,-107.64667731960904,90.57182594179163,-118.0257918012254,-104.73657960107673,89.3186911347694,-82.81191825214592,-60.50750521555157,104.66613302997722,-95.93316244022563,-104.33012870394761,82.47816788854242,100.97643751957965,55.35485831701814,0.0,0.0
52,-9.235391765832901,4.0588997304439545,0.0,0.0,0.0,62.25509107696937,-19.945602084088566,135.27087198372703,10.413294455770393,-52.02072537933851,75.51120418040016,12.463166560606387,-20.875902877348278,35.081729879207245,-43.60058428376268,-112.06204627837461,90.29738894094052,-117.66713856790803,-106.33470043288715,86.98782760880002,-82.74507802092818,-58.75690724070979,109.46876688449335,-95.40726519489134,-102.10811790278072,84.79367031906844,100.71955410489547,54.724687988719836,0.0,0.0
53,-9.009360522031784,4.637597501277924,0.0,0.0,0.0,63.171613671125876,-25.911770616547415,134.16226397954227,10.333353067950917,-51.971045998410425,75.31930318547948,12.438166360696849,-20.8769905849736,35.065658444090204,-42.65531342338959,-117.47100285570194,90.14118251462233,-118.39019605382391,-106.65327411615488,86.05300010766788,-83.42760516430921,-57.37975668892763,115.01545422643397,-93.67045054179464,-100.70522436801679,84.8057734142777,100.4890010694617,54.97721374271355,0.0,0.0
54,-8.781924843788147,5.098626017570496,0.0,0.0,0.0,64.70485453601033,-32.920152591816624,135.28006541834986,10.207356568331692,-52.44709993827656,75.99199485645569,12.874813524146594,-21.667171754957792,34.3753346397716,-41.84113779885115,-123.8141722171361,89.92928955600102,-119.80120385332184,-107.75936861072508,83.8217617209323,-82.44963818837927,-54.38717077578907,121.12605564662921,-91.39026018927758,-99.40840367106314,87.4511125100128,99.70794161711405,52.61416978046965,0.0,0.0
55,-8.62887129187584,5.868913233280182,0.0,0.0,0.0,66.03425523530494,-40.80801704537336,134.43802603709236,10.328673534595811,-51.97258620606826,75.2547920487687,13.09307051152706,-21.392497405033023,34.30303025721784,-41.23953132166184,-130.1779277687287,89.88627985479745,-120.31936932451568,-108.48892160654165,82.77612806089505,-82.52237287285074,-52.9502560687693,127.60675769719074,-88.42063054193945,-98.21491007587345,87.93871288467085,98.87177619854275,52.39839044421061,0.0,0.0
56,-8.490604907274246,6.275562196969986,0.0,0.0,0.0,67.91830827633959,-48.25160501417745,136.97992191784763,10.476077554621149,-53.056557717916796,76.44556722866874,14.03858384361568,-22.116149117406703,33.70226730839103,-40.30443061296291,-137.75688325669324,90.59793775498859,-121.17571112189519,-109.27068456837381,81.74050062799186,-81.16770730381626,-49.751582857803946,135.6072451399718,-84.43593916128901,-96.84488341139561,90.45697631089787,98.32361936670337,50.08935961792317,0.0,0.0
57,-8.324004709720612,6.893462687730789,0.0,0.0,0.0,69.63409277698182,-56.43790092313955,137.88728522832713,10.632129447909369,-53.13677828971859,76.27587117873976,14.93638403548353,-23.002492520715503,32.87441081494505,-39.88482135639776,-141.8917568368139,90.98224517882853,-120.9833593344893,-110.27602694249715,81.30354610602947,-79.60382621031512,-47.030257907552446,139.80245661122038,-81.64584786647383,-95.49930882414642,92.54926815934787,97.25937344117784,48.6717606858762,0.0,0.0
58,-8.204563707113266,7.327698171138763,0.0,0.0,0.0,71.79550613983236,-64.73626657600322,141.04440356838214,10.958027655288298,-53.34928938045979,76.13077747020118,15.737360319450925,-23.475655583015428,31.8379330234902,-38.89575190797197,-146.1552428790059,91.2616340668279,-121.10799662646369,-109.88542208424246,81.92394584872007,-76.96046786943931,-43.54401324196205,144.80305666864015,-78.83734921184546,-94.24583250766568,93.19540405483109,96.97827017569679,47.25587271621631,0.0,0.0
59,-8.365999162197113,7.5971320271492,0.0,0.0,0.0,74.36399194702648,-72.7202659421279,146.67338102944308,11.189640223817076,-54.316871053756714,76.7270529847433,16.98293410706196,-23.716891034311107,30.532793156127486,-37.714842936328026,-149.45930590886456,92.1570650368274,-120.12980425429114,-110.04315164274557,82.34185780327647,-74.4636102560711,-39.56606667311702,149.83592253969906,-75.95041949497782,-91.97424819350285,96.04489750485787,96.18150128825813,44.567745900425656,0.0,0.0
60,-8.407463878393173,7.900872826576233,0.0,0.0,0.0,76.27963461297244,-79.4085852528903,150.13796716517535,11.271806545758682,-54.5201579740238,76.324331370901,18.313033193199196,-24.020060933453173,29.43829632276796,-36.50791777413551,-151.71788554284768,92.27906587578217,-119.90153933222932,-109.52236337891043,82.61181420003206,-73.57303555057149,-36.56235096672593,153.73268206497474,-73.67668367122643,-90.3198534331207,98.01287991041364,95.47859969058294,43.05139950845322,0.0,0.0
61,-8.614833652973175,8.10331180691719,0.0,0.0,0.0,78.62954753653699,-86.48084315727748,155.52025185379378,11.510615572351716,-55.03279440708453,76.27608974479321,19.576841878346873,-23.933069936636596,28.091128593894865,-35.457622509989726,-152.743916559967,92.2888535368628,-119.81579313738898,-109.32410347787247,83.03286804160666,-71.5362253287495,-32.98995371003957,156.35014715870702,-71.72637779524266,-88.51758507720777,100.00980182748276,94.75387563850957,41.024055928820864,0.0,0.0
62,-8.783020079135895,8.28159898519516,0.0,0.0,0.0,80.50915412442197,-92.27328070555517,159.68972717224975,11.780586483259286,-55.33884152341446,75.91891183233656,20.795747192343594,-24.11242216650467,26.8637145717396,-34.64265799860214,-153.69156432617126,91.8539958829756,-120.38298570644518,-108.8750253701333,82.9797906415665,-70.56935058003167,-29.90156414850783,158.31520624329804,-70.41650460678511,-87.50931255193049,100.86733207777786,94.11333366795661,40.02676293263438,0.0,0.0
63,-9.191301465034485,8.416454493999481,0.0,0.0,0.0,83.58637291156616,-100.80427577136031,167.46798758019528,12.062898692223424,-55.874618637383186,75.55937750461626,22.524382693909196,-23.762694282885214,24.804574753973544,-33.65763885235417,-153.61760703783835,90.98884314156676,-121.15513859211512,-109.18304641113338,82.47716385073443,-70.36880939581091,-25.901064295023417,159.15396713375392,-68.78769573503384,-85.40088779666091,103.16003533685438,93.02762045786972,39.035808351997666,0.0,0.0
64,-9.427274018526077,8.64705964922905,0.0,0.0,0.0,85.49306119951024,-107.01896927450653,171.35873653900134,12.370294770914432,-56.00855523191255,75.0850618478939,23.903734274151393,-23.529187190635405,23.402249832458008,-33.45462855474847,-153.3526093584202,89.54565149069975,-122.64379198209774,-109.64077836855094,81.75827278021224,-70.2971333906608,-23.85740851610578,159.77388876320262,-66.94608548950164,-85.12744117323945,104.58856940176256,91.85917316636647,38.288049486948424,0.0,0.0
65,-9.832634031772614,8.68508666753769,0.0,0.0,0.0,86.80643827501198,-110.53411930066441,174.80448501300273,12.623208138143543,-56.07877640676945,74.48565810671191,25.657161654856846,-23.44358955240951,22.555227828200973,-33.15609123141096,-152.38895162880144,87.41881937561699,-124.40917731649259,-109.27929743691719,81.02609699175439,-71.58543684171944,-22.45390026431654,160.0373564802467,-64.57238984724711,-86.03384825723516,105.21357269195374,90.79317188222424,38.488266237183595,0.0,0.0
66,-10.176338255405426,8.727779239416122,0.0,0.0,0.0,87.78982159095374,-113.27460976172698,177.2759343226585,12.712010842637463,-56.14491312850269,73.82035670041765,27.36351878689716,-23.42933153251711,21.700151323365198,-32.70316431207449,-150.57624674383675,84.31619911494953,-126.64838653398958,-108.36955039041734,80.89557207671544,-73.71916061767475,-21.94287404835265,160.09788561667136,-61.72485666151211,-88.27553683340086,105.51270765684362,89.62585157193404,40.01657912058189,0.0,0.0
67,-10.547425597906113,8.711425215005875,0.0,0.0,0.0,88.46732854529482,-114.89436863282799,179.24694933220576,13.039164951050026,-56.25026879645013,73.11343212132134,28.73366327213818,-23.328707478117188,21.096890232849454,-32.76690363740905,-147.73531152083999,79.44637668956798,-129.50171172014075,-106.57002777055077,81.34288116545957,-74.7439075592301,-22.41667573333997,160.48989749389506,-57.18939590166479,-93.00450026752922,104.76138684814221,87.81936215911405,42.893171346140704,0.0,0.0
68,-10.877569019794464,8.626119792461395,0.0,0.0,0.0,88.38275031280254,-114.13106084213321,179.5620122982401,12.895215299197423,-56.328891103986145,72.33258440483796,29.98887104157352,-23.238741933917073,21.08391287342643,-33.29464503381926,-143.75440406498976,74.60966702128266,-130.5598036452241,-106.12073792694733,81.31352501240686,-77.95096141230705,-23.63858974566608,159.92245903802876,-52.66106585931096,-98.6540161074244,104.43351044722492,86.81901265327397,47.054262607390456,0.0,0.0
69,-11.101339757442474,8.673086762428284,0.0,0.0,0.0,87.852625180372,-112.95903453150488,177.9243651617028,12.686787807806251,-56.47668615234147,72.13278088104758,29.969131794872183,-22.898195532089407,21.471736137141633,-33.30754043097224,-138.69107555023257,70.92827702091583,-130.20781667653665,-105.87195511661878,81.6513461687557,-80.46627419681263,-25.11999288984473,158.92583881547552,-48.9166810242291,-103.41598984581144,103.98743079253138,85.96584006366935,51.552990609881455,0.0,0.0
70,-11.261367797851562,8.554740995168686,0.0,0.0,0.0,87.25257940140804,-110.6569602528871,177.04619407973593,12.400703626872975,-56.45150665996621,72.00268626792635,30.421122978292363,-23.007833728646453,21.345975279048773,-33.206979555822144,-131.35191434364882,65.9777080991664,-130.2240042248696,-104.4191670499679,83.38973859555065,-82.34513629407807,-26.37130574390587,157.29164775465827,-43.42595683725296,-109.9013364250086,103.61924944532186,84.33058349334158,57.28597819162336,0.0,0.0
71,-11.308100074529648,8.443622291088104,0.0,0.0,0.0,86.89903514958985,-109.07130451631195,176.7580693797881,11.745278674118552,-56.463579019324214,72.0653122724262,30.689450374930896,-22.88556992740864,21.09737859137511,-33.42853723211902,-122.57998435487148,61.31303723569536,-129.30022113962536,-102.17029994498452,85.32912982924076,-84.68042578262963,-27.298814697342337,154.63003231813101,-37.377981421557585,-115.86581277810056,104.24283888635485,82.58609853780696,62.215831149620136,0.0,0.0
72,-11.280571669340134,8.258732408285141,0.0,0.0,0.0,86.88493080895377,-107.98466923068712,177.76994824494716,11.333757215304345,-56.511103475569165,72.23933866228894,31.10999536741234,-22.903734815506287,20.02965097692016,-34.324152617226105,-112.92333996290239,57.420471446570076,-128.59318727750232,-98.90655552179645,88.1627567498256,-86.46089217471187,-26.511546603039157,151.77745845278855,-30.524204193246195,-121.35220321004833,103.82136840324087,80.17465244000977,68.40729517939914,0.0,0.0
73,-11.167674511671066,8.134368807077408,0.0,0.0,0.0,87.17179875409431,-108.06852346312736,179.20650095194094,10.674426248118321,-56.49461881400734,72.9406761466442,30.811239478021395,-22.42694833785167,19.171075707682046,-35.54347115766762,-102.82995278483517,56.10347095571363,-126.47391618183077,-96.99505878067669,91.04819748545417,-87.89450790036253,-23.832321231284325,148.05943131771377,-24.316648237782637,-123.90773214838694,104.15115725712576,78.63172636688222,71.87841780616714,0.0,0.0
74,-10.99737286567688,7.828983664512634,0.0,0.0,0.0,87.44162537725566,-107.08411561881012,181.62098648391878,10.230545060563886,-56.320250914686085,73.73122273174899,30.68135660076443,-22.12351376887927,17.87779646381306,-38.748400821912696,-92.51679060984446,56.75413526661656,-124.18081677178239,-94.1427854436577,94.4092994250716,-88.67868874916086,-20.359339085514797,144.15019986701364,-16.694254454244078,-124.90720739001324,104.96926365553155,76.50925191248993,74.1271756281238,0.0,0.0
75,-10.75873002409935,7.533632963895798,0.0,0.0,0.0,87.7978948745527,-106.3987129657885,184.19461542355793,10.014947578091494,-56.12989012742324,74.50879195743074,29.446062247854268,-21.693177700222616,16.415560537992757,-43.51129663583769,-84.42128157533017,59.958446798741754,-121.27836886512048,-92.2745716113083,96.18702008110749,-88.78243932265336,-15.617832008975702,142.12146975897977,-9.659400373299187,-124.6798577133002,105.0500647934128,75.14152019157322,74.78068812791061,0.0,0.0
76,-10.447541624307632,7.054613530635834,0.0,0.0,0.0,87.87980933326865,-103.94174365717318,187.08573887657593,10.086278658688522,-55.71541717311394,75.25081004848259,29.08684552393037,-21.929543226640078,13.665591481909514,-52.099918007670226,-74.34671156842634,65.24419359363122,-118.21325317318556,-89.52069397947253,97.32344061559256,-88.54492632445533,-8.700468280812432,141.42547348255547,-0.7111253588792892,-124.61581785964216,105.6835170276073,72.7896879848519,75.1416841161133,0.0,0.0
77,-10.140784084796906,6.635343283414841,0.0,0.0,0.0,88.0269384381799,-101.99606181925749,189.81120292146446,10.319597920736157,-55.45808979613371,76.12548407359442,27.551644394754113,-21.842424163776563,10.449048788528117,-62.785653341506794,-64.19072570661596,72.0022423056303,-113.05278570805247,-89.08039266481683,97.10839210957471,-86.89915126280574,0.589481183865243,143.003028614775,7.869035329562303,-123.03893208596132,108.20458083139403,70.42636739994661,73.14659268974174,0.0,0.0
78,-9.864246845245361,6.13727867603302,0.0,0.0,0.0,88.11239093488594,-99.42505567225963,192.83510525194754,11.014727616909513,-55.23785717653582,76.5102832710546,25.751824661658638,-22.030616365977924,7.266009880572924,-74.38231734456961,-54.29048944808754,78.73370792137969,-107.28878223728954,-90.02882590277562,96.14500758752276,-84.9021200627099,11.900641572074246,149.51980772453254,16.50309794994293,-120.63816157383685,110.44591423772287,68.48854027957645,70.61245590388361,0.0,0.0
79,-9.661480784416199,5.641063675284386,0.0,0.0,0.0,88.39005178502529,-97.35756424068595,196.37419509114633,11.65008718142973,-55.32982225861546,77.04743666814109,23.024528418525257,-21.886651346199688,5.739003697740214,-84.30613141611293,-46.77456294578385,83.32056243963677,-102.1519472266847,-92.23592640098437,95.24206340943623,-81.47809159026914,23.47640178118225,156.84417474137405,24.080870107633796,-116.48126746383207,113.15880390434941,68.13773493361542,66.61066855974065,0.0,0.0
80,-9.395766258239746,5.081631988286972,0.0,0.0,0.0,87.87655816322373,-92.83553504784145,198.17471491863174,12.320688814519922,-55.594656013493534,77.42313805362681,20.46408515907882,-21.76904402642853,5.184998943310841,-92.02342555552694,-41.5235476628239,85.56703214822147,-97.76370777930241,-94.14296302857612,94.15083823668914,-77.30110989391537,31.77603443413696,160.67776867720545,31.4034851809532,-112.51949136784705,113.67496129992728,68.16316372789538,63.5584072838237,0.0,0.0
81,-8.873376995325089,4.830547794699669,0.0,0.0,0.0,81.94465498228355,-75.78927484188972,183.7818807523924,13.780633211873685,-55.71136004074695,77.20927117033537,15.364363688876528,-23.67872052213449,10.240320768813467,-99.82423924811185,-34.343270316712974,92.8542907473023,-84.45643655898823,-99.96166265421252,90.7615685969346,-65.87943533738826,57.890019631251775,159.0869629779961,59.37169256790264,-100.30063128234191,103.10266857801545,80.99465080081565,61.061536010077155,0.0,0.0
82,-8.419039100408554,4.632687568664551,0.0,0.0,0.0,81.86359429721384,-74.81677201729579,184.32475784800334,14.07280821399932,-55.613251203508895,77.33558868884559,14.69166348016385,-23.94264927694754,9.317094343986597,-102.92936618820471,-32.9379930459287,91.68108964413672,-85.31717699819323,-98.8816731426501,90.36010373789958,-66.59130497344367,60.399799962529634,159.75095298796973,64.78855167409966,-102.11351375222503,99.79347607609012,83.40160946432813,62.647984048596015,0.0,0.0
83,-7.871256768703461,4.626758769154549,0.0,0.0,0.0,81.9307487171334,-75.40530892750829,184.0921489256294,14.311059726401352,-55.68288498209717,76.84742140848644,13.974798414504223,-24.329227738686505,8.579666993830648,-106.22161982098841,-32.06808307776295,90.33221607551842,-86.83350631469274,-96.67981139953474,89.54294673578842,-66.75952570251191,60.0458322389829,160.45968073700695,67.09044836779903,-103.30822995127615,99.3445004211885,81.61059042997823,62.13967454037449,0.0,0.0
84,-7.490232586860657,4.602085426449776,0.0,0.0,0.0,82.16931356446361,-76.2039766075362,184.55787220437588,14.144948672012996,-55.577208295258735,77.19393056545952,13.363452087558477,-24.235874420658064,7.811308278244647,-108.27077219464061,-34.562188124895634,86.18750702299295,-95.62325626701464,-91.1205770000888,90.00731763707925,-70.34088075229474,59.39431415443372,158.5239641450903,71.62695073149477,-110.2865386036298,95.06025743410883,80.8935981520453,64.74646404843405,0.0,0.0
85,-6.980348378419876,4.784465581178665,0.0,0.0,0.0,82.43695452709056,-78.34647717657498,183.83387215235453,14.409154903261074,-55.74450011859986,76.35934292058649,13.060101188403408,-24.73835606997027,7.220840985817984,-111.42874430834186,-35.04760966920844,85.34523541530365,-99.00363300046985,-87.78314849613464,89.68494636863299,-69.90040868290978,58.351159853065184,157.39840361138556,73.87754587433817,-112.7719419897599,93.62696272734917,78.39422019887337,63.53147584792634,0.0,0.0
86,-6.5346889197826385,4.9271851778030396,0.0,0.0,0.0,85.23197721848649,-86.89997088550614,190.0940000738597,12.826025482905193,-55.991476343892934,76.22410517502024,15.248477576776214,-23.7701682173845,4.485737836463276,-110.8825887219293,-42.91572463078009,78.79999490727465,-115.9543183693656,-79.36243366466853,92.70666303858165,-77.02109262851235,54.23077993436329,153.68279436327697,77.7920570612667,-123.09780831660683,89.55798681234079,76.30460578457802,69.5059994092874,0.0,0.0
87,-6.114548817276955,5.140215158462524,0.0,0.0,0.0,87.1466090164353,-93.39018738958151,193.75133414796971,12.531944004227478,-56.43928745154106,75.02432780579414,17.682610147901602,-24.040206576410124,2.0442073166931163,-111.69599595018612,-48.1152505326819,74.8317574523348,-123.26283934733267,-75.7850196340368,93.53472102260814,-79.87760068281673,50.05811833265954,151.2126701103202,79.52053888357598,-127.5992308287254,86.3789094141042,77.22487132239968,71.56144238716519,0.0,0.0
88,-5.785253271460533,5.4795242846012115,0.0,0.0,0.0,87.72182705776626,-96.95012296612717,193.2400398470809,12.543700467336363,-56.51161573975691,74.12803623195921,18.13811375610246,-24.514547846341877,1.3755431094496808,-112.74249704424797,-50.49296915635757,73.4513352399402,-125.48064275197083,-74.44710851903636,93.4510921864105,-80.675920023197,48.63049951310015,149.02952308553068,80.49231770811788,-128.97473530491757,84.98554399323244,76.63640954426806,71.430425698506,0.0,0.0
89,-5.374518036842346,5.724147334694862,0.0,0.0,0.0,89.3208563047363,-102.681580585495,195.9834399687299,11.995989305340332,-56.89378872948122,72.92579999463192,20.852448007738452,-24.65269183739997,-1.0544593316619664,-113.07367925672354,-56.713041433475176,69.25634233474509,-131.19405501155148,-72.05106449781755,94.29512598290566,-80.766754708969,44.82640516429404,144.196494889208,82.41284395932041,-131.9624786139346,82.62779001250071,76.55514395352324,68.47845209017234,0.0,0.0
90,-5.1084790378808975,6.115184351801872,0.0,0.0,0.0,90.33113690562955,-107.6172118835296,196.4023081497701,11.802404668789245,-56.89212557841832,71.815218065777,22.138150864270607,-24.817270368093304,-2.2356020238415675,-114.20574213051813,-60.72973908057627,66.97359749147844,-133.9678767957637,-70.61845280997488,94.96800889917864,-79.93410683782025,41.78949473853668,141.1241118759962,83.55503600365414,-133.3374093542365,80.08832567908998,77.52519474020514,66.1438661111053,0.0,0.0
91,-4.788698256015778,6.491012871265411,0.0,0.0,0.0,91.44453970261168,-112.7104429664731,197.21010096252917,11.489175608547047,-56.907097353078996,70.64826658570199,23.724399119756246,-24.648788384289308,-3.407198672882429,-114.52962970096014,-64.54096414687588,64.2836709208415,-135.82246440071893,-69.98523280221217,95.48231531349143,-78.408105973456,38.86881705698002,138.52522489680632,84.51404920463729,-133.82650554032278,78.69307512600727,79.00444978988982,62.8530946293715,0.0,0.0
92,-4.461066797375679,6.911672651767731,0.0,0.0,0.0,92.38598565704955,-117.56739048526916,197.34282519848085,11.173650750970076,-57.052576967305676,69.67213010046962,25.6752121372859,-24.136519073896473,-4.534480627701425,-114.423563693339,-67.7107388274629,61.44211415063026,-136.62525751500553,-70.24147417911438,95.57564301831049,-76.46777900384961,36.185020581123155,136.65192257352527,85.40389991008489,-133.34311939238262,78.69916082455777,80.56498409069765,59.11528043627119,0.0,0.0
93,-4.118160903453827,7.4273161590099335,0.0,0.0,0.0,92.967289396931,-121.97790317953485,196.01321959351114,10.865360771271442,-57.236725697518395,68.89055155374506,27.33418653950654,-23.693586428863025,-5.495832314701659,-114.44640384592354,-69.51174359837938,59.35995147271939,-136.68526755705327,-70.67840138032008,96.25332755756997,-75.38414900145958,34.04969512580749,136.03473301974458,85.9824101025958,-132.22132912309974,79.4196091782107,82.2200618699968,56.00256515601045,0.0,0.0
94,-3.6709606647491455,7.837273925542831,0.0,0.0,0.0,93.59917751780556,-125.86551025132272,195.47461819632062,10.686634357486072,-57.45708126052134,68.27837535881515,29.422166831042976,-23.542994418042582,-6.8209500584998395,-114.68809691989361,-71.03625548150457,57.36717548047647,-136.76620529871792,-71.0435569537273,96.7871000110173,-74.16824555560308,31.68589984275489,136.1666786141309,86.51090965000387,-131.19876784207878,79.9850258980827,84.20677265425675,53.76302467433872,0.0,0.0
95,-3.2136574387550354,8.30083042383194,0.0,0.0,0.0,93.97745388460837,-129.35420695482514,193.99078691989203,10.486655810098208,-57.616368102155214,67.69321939224183,30.968350904404613,-23.12582183146384,-7.851054856572245,-114.57838359125569,-71.89611482630664,56.03269653553396,-136.57465947363409,-71.27690353653162,97.16947449132213,-73.78360345249381,30.013917345259955,136.88248243914822,86.49579444137063,-130.29637690931506,80.4125274382338,86.06835437292207,52.41586889829667,0.0,0.0
96,-2.6956021785736084,8.740206807851791,0.0,0.0,0.0,94.23833979014618,-132.35103441543828,192.37664929447794,10.16742898999109,-57.804826681734205,66.66036501614167,33.916912833247856,-22.542219732926682,-9.245400409589912,-114.22156767882505,-73.22346646885023,54.39661351231661,-136.72325706921688,-71.70880371850821,97.15765826405801,-73.56510570094511,27.379598759750664,138.71304143860334,85.92087009817398,-129.31048008375873,81.23749134656627,88.44747318537759,50.653929394338086,0.0,0.0
97,-2.2067684680223465,9.13994014263153,0.0,0.0,0.0,94.20639499539803,-134.34342791708767,190.21494906368227,10.005468129297162,-58.01136477204622,65.91394828326433,36.090043385619545,-22.020934572829432,-9.867647718450998,-113.91669535503236,-73.71038382459128,53.77157607117958,-136.75258590151293,-71.62391129731412,97.19685671970471,-73.57623207910305,25.537735797219174,140.71957343183468,84.75424646717913,-128.73795996714992,81.13815990546678,89.17051018072597,49.645486114331554,0.0,0.0
98,-1.6792861744761467,9.465184062719345,0.0,0.0,0.0,93.52692777676516,-134.17965364116912,186.77754708084663,9.961468904437586,-58.10914576020412,65.26020355704573,37.929976819710504,-21.595405249801175,-9.917453457878732,-113.60271838907605,-73.47448958122655,53.895069306467995,-136.48809365609335,-71.10892186408434,97.22381547635875,-74.78331775074106,24.38595758238534,142.82574422467815,83.13728797363781,-128.26643102760892,80.72301417752423,89.37058691208316,50.08082871164983,0.0,0.0
99,-1.0268189944326878,9.944751113653183,0.0,0.0,0.0,92.03125978250493,-132.7286755746483,180.3014895589207,10.08342961603098,-58.08559526794592,64.33963749090059,39.68338541739574,-21.47751276963217,-9.050810027683541,-113.41599467754624,-72.49315532203579,54.83673041186473,-136.01127815013476,-69.98407850024245,96.8384425430083,-76.51275579953415,20.583483695959814,145.78577062604325,77.34708389721871,-128.10593524249197,80.21242338611994,87.28795295111955,52.321878665128125,0.0,0.0
100,-0.35849399864673615,10.001222044229507,0.0,0.0,0.0,90.28703437415878,-128.29409329374747,175.49167034539772,10.303663089402518,-58.008298017108885,64.76833431415643,39.73813962887715,-21.561256011498404,-8.413597774350958,-113.31578214204382,-70.94356298427832,56.20370398178357,-135.47747154574157,-69.07727526527486,96.68619762640871,-78.04892681557254,18.25007250943002,147.74106254012113,72.79089692833499,-128.2260509492358,80.5380048434761,85.23221627510745,55.32695699425864,0.0,0.0
101,0.3192902775481343,9.83535721898079,0.0,0.0,0.0,88.54949572101008,-122.71983930831666,171.8569715181971,10.662321445361766,-57.91699204828415,65.96637681533335,38.61403051037104,-21.819056379078656,-7.283514801642021,-113.50245804224943,-67.97001963854576,59.469821895708215,-134.28877274334923,-67.47687998047084,96.80175759697616,-81.46390528736303,17.76523153119666,150.98784760360004,68.39459102754292,-128.55022538762293,79.57129401929835,83.04122819315076,59.30178558174756,0.0,0.0
102,0.8487078361213207,9.491641074419022,0.0,0.0,0.0,87.439951980909,-117.88761707431604,170.80861944287017,10.996901676949424,-58.023440546498804,66.62168565487188,39.24483604626215,-21.81363491642496,-7.037394911316135,-113.31531768918025,-64.85425126372603,60.94508128472844,-132.28740437313044,-66.25685793054483,97.1003734674891,-84.18484774702101,19.437999500446146,154.30520218158355,67.71073199727374,-127.13679970115885,79.21031852166317,83.0749283465156,62.07156389397113,0.0,0.0
103,1.615331694483757,8.946351706981659,0.0,0.0,0.0,83.92698761528553,-105.65329344052999,164.42422305960582,11.646841134026682,-57.391811972812704,69.82507169636455,33.32164477160832,-22.39862525091092,-3.7268180154234107,-114.14096461642974,-57.73681165797922,67.833395364578,-128.65333392333346,-65.19788491105854,97.02531651869984,-89.72271048455399,28.66842813537539,157.26600722451403,69.422541327819,-127.25742084190126,75.9894198751386,84.19425974769729,70.10879775448687,0.0,0.0
104,2.2380145266652107,8.239316195249557,0.0,0.0,0.0,81.82335765281329,-96.42784572105298,162.50043197798,12.39233920646065,-56.998007170931864,71.81277285805415,29.435202247073946,-22.823107847448874,-1.585686045539582,-114.49782150999539,-50.838139596253335,71.94484139584551,-122.99541012057,-65.60376207229737,97.03430504764758,-91.68661526717527,36.9458524282438,159.68150362448904,72.52215630525167,-124.892413200271,75.25874672829815,86.28840940760153,72.84048410170928,0.0,0.0
105,2.814139239490032,7.421202212572098,0.0,0.0,0.0,79.23748901418149,-85.40497907997374,159.8182030305377,13.549637921691147,-56.54562325163441,73.5139066029267,25.590195065139458,-23.38933223719022,0.1345030199828001,-114.54400724916302,-42.35325513753495,74.23953907015968,-113.67427828101027,-67.69959878892662,96.6033815827223,-89.09218157132426,43.61087737884189,161.86795646083684,74.311986886686,-121.06167428351266,76.36834510991257,87.47244319079076,73.545496227838,0.0,0.0
106,3.440246358513832,6.492044031620026,0.0,0.0,0.0,78.51240979227127,-78.9233686142526,162.45689635221035,13.772410517886636,-56.47186745388203,74.5142697691451,24.804117131299154,-23.020968182420386,0.5150020263910736,-114.60467298937107,-39.1083449609832,75.35551001826971,-109.97231575086336,-68.308339398704,96.4002107756711,-87.75329373927251,45.147727998702706,163.8641885287998,74.65257426964868,-118.89459186365102,78.09518768682105,87.92320835525491,73.25430477295285,0.0,0.0
107,4.13021557033062,5.637133494019508,0.0,0.0,0.0,77.85629499041067,-73.17182340853577,164.7310351571228,14.00223613817381,-56.04103619651055,75.87798533882984,22.279170364969275,-22.724657500752308,0.7697878259481188,-114.23365711365598,-33.60331835788506,77.25756060776736,-102.19986100371233,-72.32515998921016,97.08597542871873,-84.71607937009709,48.527479769848846,166.39262893689013,75.01925297524082,-114.32227198794773,82.9384270159529,88.86334974356133,73.60534234534565,0.0,0.0
108,4.537786170840263,4.816350340843201,0.0,0.0,0.0,73.62115423327423,-57.842433703304295,157.61416928726626,16.160886689505077,-55.522023781859616,77.648083503752,17.863787745825363,-23.764803103791454,2.253246323458414,-115.09984804381865,-21.6274012709681,81.74996043999234,-81.51529563067821,-77.41708650602217,96.23543929213372,-74.55598173440636,54.558731467361454,168.36771473918273,73.8453551927799,-107.76825468683526,84.13335495086828,91.91342535894388,69.56997096105374,0.0,0.0
109,5.256756022572517,4.106292501091957,0.0,0.0,0.0,71.69097009458531,-49.985831025578705,155.2408014940919,16.350926457876923,-55.048718993134415,79.15811538583677,16.889975232458085,-23.613572470283618,2.6678067895664537,-114.88257972632054,-16.878350250490726,85.25082171040656,-71.31598587896244,-82.93957448773345,97.92803530054374,-69.78511508971997,57.33161751565738,170.14219788555204,72.44527569595401,-104.04833558936039,87.81639785701427,95.87687485127556,69.26091173129983,0.0,0.0
110,6.149164587259293,3.5547275096178055,0.0,0.0,0.0,70.67313530447001,-45.89456478821399,153.93753309856177,15.937529258361904,-53.90044808043938,80.50401099197695,14.945937762585084,-23.561412023139525,2.3251056764990605,-115.68848740686869,-11.835659152310745,95.75029095538771,-59.47586661312367,-93.86470795197897,100.71921259543697,-61.27702164820189,58.89599038277876,172.73170018482227,66.3760105806157,-100.93016298795281,92.55146748026063,100.18633489677092,68.57425232347094,0.0,0.0
111,6.731647998094559,3.0410146340727806,0.0,0.0,0.0,70.78508210496652,-44.51826801007808,155.90715474951833,15.59178679012315,-53.281817356743815,81.42902351127178,14.628801834137636,-23.07536380897037,2.610621671070757,-115.0586346823668,-10.532672502083875,100.72973108675879,-57.30962430652994,-98.25048853126005,105.52802094096279,-57.67575659698847,59.19533708353291,175.76236440258367,62.044058722183486,-99.83927932466422,96.05530671315297,103.50224830483954,67.70237184572964,0.0,0.0
112,7.415195554494858,2.554571256041527,0.0,0.0,0.0,70.72475787421696,-43.01551027945939,157.0901981552779,15.715122931060655,-52.99029122258933,81.55405012402886,14.830207037288389,-22.89001808810561,2.701542801424439,-114.72562197919366,-10.61135713509607,101.170052891982,-57.40709110598602,-98.72716743343524,106.45995244188684,-57.16095840905544,59.64289888927633,175.6910845484054,61.23395730548496,-100.0081762424603,96.60188577129408,104.28244715335175,67.48034971656921,0.0,0.0
113,8.193819969892502,2.2291097790002823,0.0,0.0,0.0,70.46113306282199,-42.02934707652544,156.6791437106482,15.421503343925561,-53.17887957576255,82.11225416413733,14.007870190465425,-22.336366369078963,2.949877807475525,-114.96775218527061,-10.572139896429148,102.68586994429376,-56.81597579936185,-100.90936506193012,106.90836802127652,-54.09969835890699,60.002487858509994,175.67144092435245,59.303957581903624,-99.6212870071141,99.82484030475882,104.40998044553423,66.90945518498286,0.0,0.0
114,8.781779557466507,1.8448535352945328,0.0,0.0,0.0,70.16649919259514,-40.30039055606885,156.84653798682686,15.580264260993339,-53.5896983788659,82.49240883296189,13.211119232273328,-22.174738480107074,3.2751664204710282,-115.01744864167162,-10.885382617049688,103.09680144551841,-55.69329419039227,-102.50665944085097,105.9037906283402,-51.53841157109806,59.63696345488759,175.1555567363414,57.509079490672654,-99.22744463919283,101.47191993253988,103.15397695906059,66.39849556336338,0.0,0.0
115,9.202512353658676,1.5482107177376747,0.0,0.0,0.0,69.87582000189774,-38.749165803099736,156.85716576117542,15.878613754128665,-53.599048907839645,82.30434640435476,12.722029022602579,-22.47944004917051,3.853839470304961,-114.59904491349498,-11.101062915565766,102.76372044045357,-55.029946218200635,-102.4604805318725,105.98849180423754,-50.162808057162906,59.56477518554973,175.1827955307514,57.04648102347144,-99.06983802409478,101.89515260445972,103.23629439893757,66.49954821213372,0.0,0.0
